{"gsisId": "00-0033787", "displayName": "Jake Elliott", "position": "K", "tier": "starter", "rating": 77, "totalAttempts": 287, "distanceBuckets": {"under30": {"attempts": 61, "makes": 59, "makePct": 0.9672131147540983}, "30s": {"attempts": 88, "makes": 81, "makePct": 0.9204545454545454}, "40s": {"attempts": 83, "makes": 71, "makePct": 0.8554216867469879}, "50s": {"attempts": 52, "makes": 31, "makePct": 0.5961538461538461}, "60plus": {"attempts": 3, "makes": 2, "makePct": 0.6666666666666666}}}