{"gsisId": "00-0033303", "displayName": "Harrison Butker", "position": "K", "tier": "star", "rating": 92, "totalAttempts": 324, "distanceBuckets": {"under30": {"attempts": 85, "makes": 84, "makePct": 0.9882352941176471}, "30s": {"attempts": 101, "makes": 95, "makePct": 0.9405940594059405}, "40s": {"attempts": 78, "makes": 67, "makePct": 0.8589743589743589}, "50s": {"attempts": 57, "makes": 39, "makePct": 0.6842105263157895}, "60plus": {"attempts": 3, "makes": 2, "makePct": 0.6666666666666666}}}