{"gsisId": "00-0029597", "displayName": "Justin Tucker", "position": "K", "tier": "star", "rating": 92, "totalAttempts": 376, "distanceBuckets": {"under30": {"attempts": 86, "makes": 86, "makePct": 1.0}, "30s": {"attempts": 96, "makes": 94, "makePct": 0.9791666666666666}, "40s": {"attempts": 114, "makes": 100, "makePct": 0.8771929824561403}, "50s": {"attempts": 73, "makes": 51, "makePct": 0.6986301369863014}, "60plus": {"attempts": 7, "makes": 1, "makePct": 0.14285714285714285}}}