{"gsisId": "00-0036162", "displayName": "Tyler Bass", "position": "K", "tier": "starter", "rating": 80, "totalAttempts": 178, "distanceBuckets": {"under30": {"attempts": 49, "makes": 47, "makePct": 0.9591836734693877}, "30s": {"attempts": 53, "makes": 46, "makePct": 0.8679245283018868}, "40s": {"attempts": 48, "makes": 35, "makePct": 0.7291666666666666}, "50s": {"attempts": 26, "makes": 20, "makePct": 0.7692307692307693}, "60plus": {"attempts": 2, "makes": 1, "makePct": 0.5}}}