{"gsisId": "00-0029576", "displayName": "Blair Walsh", "position": "K", "tier": "scrub", "rating": 64, "totalAttempts": 88, "distanceBuckets": {"under30": {"attempts": 19, "makes": 18, "makePct": 0.9473684210526315}, "30s": {"attempts": 31, "makes": 25, "makePct": 0.8064516129032258}, "40s": {"attempts": 27, "makes": 20, "makePct": 0.7407407407407407}, "50s": {"attempts": 11, "makes": 7, "makePct": 0.6363636363636364}}}